{
    "accuracy": 0.9551098376313276,
    "precision": 0.9173553719008265,
    "recall": 0.75,
    "auc": 0.9314854342663019
}
